Student_ID,Age,GPA,Study_Hours_per_Week,Absences,Participation_Score,Extracurricular,Exam_Score
1,24,3.74,15,2,92,1,83.65
2,21,2.17,26,8,23,0,91.22
3,30,3.19,12,19,23,0,69.85
4,28,3.97,11,5,3,1,57.82
5,25,3.07,32,17,66,0,86.9
6,30,3.85,39,5,33,0,68.02
7,22,2.47,29,18,56,1,83.56
8,24,3.52,17,11,48,0,63.53
9,27,3.06,31,10,86,1,54.06
10,20,3.44,21,1,52,1,99.63
11,24,2.12,35,14,22,1,57.81
12,28,2.3,13,11,68,1,99.42
13,28,2.27,14,11,94,1,98.86
14,25,3.37,22,8,52,0,89.69
15,22,3.69,38,20,61,1,82.97
16,21,3.5,40,1,40,0,78.89
17,25,2.06,24,2,56,1,93.31
18,25,3.73,34,11,59,1,64.47
19,20,2.71,32,15,53,1,73.38
20,23,2.79,25,20,69,0,80.97
21,22,2.21,19,0,100,1,70.56
22,19,3.47,39,20,56,1,71.37
23,25,2.36,39,2,9,1,66.51
24,29,3.13,34,19,39,1,78.21
25,23,3.68,32,1,6,0,92.53
26,19,2.18,25,8,37,1,60.08
27,29,3.07,21,18,84,0,96.72
28,22,2.47,26,14,60,1,84.45
29,18,2.69,25,17,83,0,91.16
30,29,2.95,21,10,2,0,77.81
31,27,2.71,17,15,50,1,88.98
32,23,3.3,29,16,85,1,50.81
33,30,2.96,12,4,46,0,90.92
34,29,3.17,25,11,67,1,52.01
35,26,3.47,39,10,91,1,94.5
36,18,3.12,22,14,75,1,99.6
37,28,3.17,32,2,37,0,64.7
38,28,3.13,37,0,35,1,60.52
39,27,2.76,28,19,40,1,88.27
40,29,2.67,17,15,68,1,62.65
41,29,3.8,31,1,12,0,93.28
42,20,3.22,14,1,86,1,55.14
43,29,2.49,29,2,57,0,56.3
44,24,3.0,17,7,49,1,98.96
45,21,2.66,33,14,29,0,83.69
46,26,3.87,21,6,61,1,92.34
47,20,2.02,10,5,100,1,66.22
48,22,2.45,34,8,24,0,83.82
49,20,2.73,39,19,26,0,79.71
50,24,2.98,30,0,50,0,80.16
51,22,3.7,29,7,77,1,84.13
52,26,2.18,15,2,56,1,78.77
53,24,3.61,31,3,46,1,71.45
54,19,2.11,27,14,99,1,63.8
55,21,3.68,17,5,38,0,88.43
56,26,2.1,16,14,15,1,61.31
57,29,2.04,10,20,21,1,84.62
58,19,3.39,30,2,84,1,61.67
59,27,3.99,25,20,53,1,81.27
60,26,3.79,21,20,20,1,87.35
61,27,3.15,15,13,71,1,60.94
62,22,3.83,29,19,15,1,53.0
63,19,2.01,11,13,58,0,56.55
64,21,3.95,38,3,30,1,80.3
65,29,2.98,23,11,41,1,92.47
66,29,3.45,13,16,73,1,52.25
67,24,3.64,10,6,31,1,86.71
68,29,3.44,32,8,58,0,67.07
69,30,3.07,27,2,33,0,73.93
70,25,2.95,22,12,8,0,96.44
71,20,3.68,11,14,80,0,66.6
72,18,2.41,18,17,10,0,73.27
73,21,3.94,30,18,95,0,50.68
74,19,3.42,11,0,9,1,54.08
75,25,2.4,36,5,85,0,62.93
76,21,3.47,34,1,16,0,51.39
77,19,3.06,18,13,67,1,81.57
78,23,3.41,10,5,47,0,71.32
79,23,3.54,20,13,51,1,77.41
80,27,2.17,12,3,24,1,58.73
81,21,3.01,29,20,20,0,64.8
82,23,3.86,39,7,100,1,83.19
83,30,2.64,32,2,64,0,98.27
84,19,3.19,35,18,62,0,52.52
85,27,2.74,13,13,88,1,94.52
86,29,2.91,27,19,50,1,78.84
87,19,3.1,32,16,35,0,78.2
88,27,3.1,15,7,80,1,75.01
89,21,2.4,12,13,87,1,53.47
90,25,3.37,31,5,65,0,54.49
91,24,2.18,20,15,14,0,80.05
92,29,2.28,24,18,95,1,67.05
93,26,2.01,31,13,38,0,95.86
94,25,2.23,37,18,69,0,70.33
95,22,2.95,14,2,0,0,57.16
96,30,3.21,29,9,22,0,85.74
97,19,3.59,19,18,38,0,64.67
98,22,2.21,21,8,56,0,76.27
99,25,3.7,24,19,80,0,84.89
100,27,3.49,26,12,33,1,95.01
101,26,2.82,19,6,40,0,89.61
102,29,3.87,15,13,92,1,83.82
103,29,3.98,27,8,72,1,83.98
104,29,2.41,22,18,12,1,97.3
105,30,2.76,12,14,69,0,64.79
106,26,3.85,39,19,5,0,50.06
107,30,3.44,33,13,83,1,63.6
108,30,2.1,19,5,51,0,60.89
109,18,3.56,39,20,2,1,83.09
110,26,3.66,23,3,80,0,81.69
111,24,3.5,15,7,62,0,79.67
112,26,3.6,12,16,48,1,50.81
113,25,3.65,25,8,75,1,86.44
114,18,2.37,16,0,46,1,66.18
115,29,2.47,29,19,54,0,83.25
116,25,3.27,23,13,63,1,77.83
117,25,3.82,18,10,64,0,67.14
118,28,2.63,24,20,80,0,56.73
119,20,3.18,30,2,66,0,54.72
120,18,3.37,12,8,89,1,91.58
121,25,2.9,11,13,14,1,95.92
122,20,3.43,36,8,99,1,82.49
123,20,3.8,11,3,31,0,55.17
124,18,3.25,12,3,95,0,70.1
125,28,3.08,27,7,67,1,86.45
126,22,2.88,23,1,17,0,88.99
127,27,3.15,29,8,82,0,55.91
128,24,2.71,27,13,42,1,50.0
129,27,2.78,19,8,34,1,85.61
130,26,3.06,34,15,77,1,67.83
131,29,2.13,11,16,57,0,62.72
132,24,2.46,34,15,32,0,50.64
133,26,3.09,38,11,13,0,77.01
134,25,2.86,31,2,33,0,92.56
135,29,2.67,10,10,60,0,97.88
136,19,3.46,13,13,3,1,78.29
137,18,3.39,40,17,87,0,75.72
138,24,2.33,23,20,58,0,54.25
139,24,3.76,10,20,28,0,77.44
140,25,2.99,23,4,82,1,69.0
141,22,3.48,25,15,5,1,80.36
142,20,3.15,31,19,96,1,69.44
143,29,4.0,23,4,48,0,62.01
144,25,3.5,38,2,39,1,54.75
145,23,3.41,29,11,82,1,65.75
146,28,3.56,12,0,64,1,54.83
147,20,2.29,12,20,68,0,58.84
148,18,2.41,18,8,26,1,99.37
149,20,3.43,15,8,79,0,72.21
150,22,2.99,34,3,5,0,76.59
151,20,3.51,22,2,12,1,93.68
152,18,2.21,30,16,63,0,99.78
153,22,3.07,11,1,61,1,79.14
154,27,2.76,17,0,98,0,90.62
155,24,2.91,30,7,18,1,66.35
156,24,3.21,11,12,75,1,65.29
157,28,3.0,13,14,79,1,70.14
158,26,3.08,34,7,42,0,83.63
159,27,2.97,24,11,73,1,84.11
160,27,2.82,13,11,88,0,65.76
161,29,3.54,22,13,19,1,56.66
162,30,2.02,37,14,94,0,81.62
163,20,3.2,21,14,67,0,56.42
164,24,3.13,37,8,43,1,78.92
165,18,3.43,22,18,22,1,84.67
166,21,3.2,40,19,1,1,85.03
167,30,3.65,23,7,21,1,87.67
168,21,3.92,29,20,56,1,93.64
169,22,2.69,27,18,100,0,75.0
170,24,2.45,38,5,71,1,86.51
171,24,2.85,37,19,6,1,80.96
172,30,2.58,40,18,77,0,59.33
173,28,3.23,15,3,55,1,51.28
174,30,3.82,38,6,66,1,64.23
175,21,2.28,20,3,15,0,72.15
176,30,2.2,39,11,82,1,80.86
177,24,2.51,11,12,50,1,92.5
178,28,3.45,37,2,81,1,59.81
179,20,3.19,32,11,79,0,56.28
180,23,2.2,28,1,71,1,98.17
181,29,3.84,40,1,96,0,55.4
182,19,3.58,28,8,11,1,73.92
183,27,2.05,14,0,52,0,79.28
184,30,3.3,28,7,74,1,77.07
185,26,3.54,11,5,4,0,54.3
186,22,2.75,19,5,26,0,52.85
187,23,2.14,34,17,11,0,55.27
188,29,2.15,11,16,16,0,79.28
189,29,2.21,39,11,5,0,77.22
190,29,3.68,20,5,96,0,61.69
191,29,3.82,27,7,4,1,81.89
192,21,2.25,38,18,56,1,91.0
193,28,2.47,40,9,27,0,52.08
194,27,2.33,33,0,77,0,74.91
195,24,2.37,24,12,68,0,84.47
196,29,3.67,18,16,58,0,62.62
197,26,2.66,32,2,32,1,65.39
198,24,2.62,28,7,61,0,80.68
199,18,2.45,18,13,49,1,94.9
200,18,3.22,12,2,18,1,90.5
201,26,2.76,30,15,85,0,79.16
202,28,3.49,18,12,68,0,86.51
203,26,2.41,37,19,65,1,68.24
204,21,3.58,39,16,93,1,82.05
205,30,3.21,23,12,46,0,73.31
206,26,2.23,28,5,38,0,59.5
207,20,2.83,16,16,67,0,85.09
208,24,3.73,25,13,32,1,77.82
209,23,3.85,25,16,12,1,67.93
210,25,2.93,37,7,83,0,95.57
211,28,2.96,10,10,53,1,51.05
212,26,3.84,13,19,6,1,65.79
213,22,3.17,13,0,78,0,52.84
214,18,2.07,16,6,86,0,88.33
215,20,3.83,17,20,13,1,85.11
216,27,2.5,26,20,86,1,66.57
217,29,3.16,14,16,18,0,83.78
218,25,2.33,16,9,53,0,69.8
219,28,2.07,37,10,92,0,87.81
220,23,2.62,29,8,19,0,72.71
221,25,3.56,38,8,28,0,70.61
222,26,2.56,29,4,23,1,96.74
223,21,2.44,13,16,81,1,62.54
224,18,2.43,37,8,62,1,56.02
225,18,3.03,15,16,73,1,79.23
226,27,3.95,16,20,56,0,98.47
227,21,2.92,27,18,7,0,68.89
228,29,3.11,40,6,89,0,53.1
229,24,3.72,14,8,61,1,66.97
230,19,3.07,29,6,28,1,75.3
231,20,2.37,40,12,73,1,58.1
232,18,2.6,39,10,16,0,82.91
233,22,2.62,38,13,65,1,99.89
234,18,2.79,12,18,5,0,72.59
235,25,2.85,16,10,57,0,67.74
236,18,3.6,36,12,68,0,70.04
237,28,2.7,37,13,27,0,55.76
238,18,2.94,31,12,61,0,94.16
239,19,3.25,23,0,40,0,70.74
240,19,2.76,16,7,68,1,69.36
241,29,3.67,14,11,81,0,82.98
242,23,3.17,38,18,89,0,72.1
243,24,2.59,31,11,83,1,82.41
244,22,3.43,14,7,40,0,53.07
245,18,3.06,39,7,48,1,90.69
246,18,3.07,32,20,90,1,97.03
247,20,2.96,11,12,48,1,82.44
248,19,2.99,39,11,75,0,97.73
249,22,3.53,36,15,70,0,57.57
250,29,2.21,30,0,2,1,73.87
251,27,2.67,31,12,9,0,80.09
252,23,2.15,15,6,97,0,79.09
253,24,3.51,24,4,88,1,70.07
254,21,2.54,30,7,34,1,66.9
255,24,3.79,19,13,79,0,56.34
256,28,3.05,32,12,1,1,69.59
257,25,3.6,35,14,23,1,58.13
258,28,3.96,33,16,73,1,86.72
259,18,3.68,16,14,37,0,60.44
260,23,3.73,14,19,21,0,52.93
261,25,2.82,10,17,25,0,77.62
262,22,3.1,22,17,42,1,79.76
263,21,2.51,30,1,54,0,93.6
264,19,2.39,35,3,38,1,78.85
265,23,3.01,27,0,90,0,67.27
266,23,3.19,22,3,28,0,90.15
267,28,2.68,30,17,19,1,77.01
268,18,3.14,30,4,90,0,53.96
269,26,3.77,27,18,40,1,78.29
270,29,3.11,14,14,53,0,95.4
271,28,3.44,22,7,19,0,69.82
272,23,3.61,13,19,18,1,64.82
273,30,3.98,26,16,83,1,57.17
274,20,3.21,12,0,98,1,57.57
275,21,3.61,26,11,65,0,71.64
276,29,3.93,37,18,29,0,79.78
277,28,3.89,20,14,52,0,54.03
278,21,2.28,40,8,33,1,96.98
279,20,2.81,30,6,21,1,87.76
280,27,2.65,29,1,66,1,79.33
281,20,2.17,32,8,5,0,91.42
282,20,3.27,30,9,78,0,54.01
283,21,3.47,35,1,26,1,73.84
284,24,3.7,39,18,9,0,81.5
285,21,2.25,13,10,72,1,91.43
286,26,3.75,11,12,96,0,89.17
287,18,3.29,29,9,95,0,63.85
288,25,3.41,25,13,47,1,97.04
289,24,3.82,37,17,69,0,56.22
290,19,3.25,27,18,58,0,93.76
291,25,2.67,17,8,99,1,98.55
292,18,3.65,12,6,58,1,58.86
293,28,2.73,18,2,1,0,86.1
294,29,2.07,38,19,28,1,52.01
295,26,3.66,29,5,67,0,70.27
296,26,2.69,38,20,64,1,75.81
297,19,3.55,15,1,82,0,79.03
298,24,2.73,19,5,25,0,96.8
299,27,3.72,30,2,88,1,83.61
300,20,2.44,19,15,9,0,74.06
301,24,3.95,22,7,52,0,90.48
302,29,3.56,26,1,78,1,97.53
303,27,2.23,18,16,58,1,51.1
304,26,3.13,26,8,21,0,99.13
305,21,3.97,33,11,50,1,54.31
306,29,2.94,18,2,47,1,90.72
307,18,2.36,18,10,20,0,64.02
308,19,2.97,10,0,21,0,56.61
309,18,3.02,11,12,99,1,71.99
310,29,3.48,37,14,97,1,82.2
311,22,3.4,25,4,29,1,69.05
312,22,2.81,38,20,24,0,52.73
313,28,2.44,10,16,27,0,79.97
314,24,3.29,19,5,64,0,95.12
315,26,2.84,27,20,44,0,69.16
316,26,2.26,35,10,67,0,60.82
317,20,3.8,37,17,6,0,72.13
318,20,3.38,17,3,48,0,52.42
319,20,3.37,30,2,8,1,91.02
320,21,3.65,37,12,35,1,91.32
321,25,3.06,20,8,82,0,79.4
322,23,3.63,32,20,0,0,67.66
323,25,3.0,11,5,9,0,89.99
324,18,2.13,17,11,35,1,77.73
325,25,2.81,36,1,72,0,91.3
326,21,2.99,31,2,45,1,81.57
327,28,3.44,17,2,31,1,89.22
328,18,2.21,26,11,31,1,79.93
329,25,2.28,24,14,5,1,70.71
330,21,2.53,26,8,47,1,97.9
331,23,2.53,37,7,37,0,77.06
332,25,3.46,32,10,16,0,80.25
333,21,2.5,33,15,73,1,61.02
334,20,3.27,22,3,26,0,81.28
335,26,2.99,28,0,53,1,78.58
336,20,3.15,14,6,49,1,59.24
337,26,3.68,21,1,34,0,52.98
338,30,2.81,10,4,84,0,80.22
339,19,3.54,32,6,24,0,88.18
340,19,2.84,14,3,27,0,76.17
341,19,2.71,17,4,14,0,61.34
342,23,3.92,22,0,3,1,83.33
343,20,2.37,17,0,92,0,54.01
344,30,2.18,34,14,72,0,72.09
345,26,3.54,32,19,26,0,58.17
346,21,2.14,20,18,25,1,59.22
347,18,3.67,10,9,18,0,60.11
348,21,2.87,22,17,91,1,69.34
349,18,3.83,28,2,16,0,52.56
350,22,3.44,33,10,42,0,69.89
351,21,3.22,12,14,40,1,75.59
352,25,3.9,33,10,41,0,74.16
353,25,2.79,26,16,49,0,69.14
354,24,3.91,14,16,83,1,91.96
355,20,2.27,29,5,39,0,57.27
356,18,2.97,30,4,38,1,75.28
357,18,2.54,17,7,22,1,53.1
358,29,3.08,35,1,95,1,53.56
359,28,2.32,40,15,51,1,78.69
360,20,3.68,23,19,46,1,78.3
361,23,3.69,13,11,62,0,93.9
362,24,3.91,20,5,96,0,77.89
363,23,2.31,29,0,68,0,97.99
364,23,3.25,24,3,42,1,52.43
365,23,2.95,28,16,47,1,54.9
366,30,2.69,16,12,33,1,52.2
367,20,2.7,28,17,39,1,59.26
368,23,2.83,37,4,74,0,77.06
369,25,3.41,28,2,60,0,82.28
370,28,3.2,20,10,49,1,52.28
371,28,2.92,35,12,66,1,97.3
372,19,2.15,14,3,61,0,92.11
373,22,2.16,14,13,57,1,64.83
374,18,2.0,39,10,32,1,53.86
375,29,3.94,31,9,74,1,58.49
376,18,2.01,17,18,15,0,56.35
377,22,2.21,19,17,81,0,56.16
378,29,2.63,15,5,93,1,75.93
379,30,3.61,24,14,47,0,62.29
380,20,3.92,25,20,9,1,67.91
381,21,3.58,37,9,81,1,99.48
382,20,3.38,26,4,37,0,84.22
383,18,3.04,40,4,18,1,97.45
384,18,2.17,17,9,35,1,57.13
385,29,3.92,17,4,58,0,69.11
386,29,3.52,34,2,62,1,77.74
387,30,3.28,18,5,76,1,53.84
388,22,3.52,11,3,45,1,50.21
389,23,3.45,24,17,2,0,83.52
390,20,3.27,27,8,73,1,82.09
391,29,3.96,12,16,64,0,70.54
392,26,3.81,26,12,90,1,74.48
393,22,3.29,13,14,7,1,70.77
394,25,3.39,39,19,50,1,51.2
395,30,2.1,13,16,80,1,66.77
396,18,3.34,23,12,72,0,58.85
397,22,2.09,18,15,5,0,54.92
398,20,3.18,18,3,88,1,97.84
399,29,4.0,34,4,38,1,79.97
400,18,3.11,35,4,59,1,86.43
401,21,2.95,32,8,27,1,65.77
402,30,2.63,39,16,96,1,69.66
403,22,2.24,40,12,53,1,61.85
404,24,3.46,27,1,36,1,54.85
405,18,2.39,19,12,8,1,58.95
406,20,2.23,30,20,81,0,89.88
407,19,2.84,13,18,55,0,83.88
408,26,3.59,21,2,58,0,77.35
409,27,3.49,36,9,84,1,73.75
410,23,2.11,17,1,1,1,96.12
411,27,2.91,11,12,60,1,53.64
412,20,3.04,31,18,57,0,64.03
413,25,3.29,22,16,59,1,67.5
414,25,3.3,30,20,39,0,89.12
415,19,2.73,40,13,35,1,99.63
416,23,3.12,25,11,36,0,62.03
417,24,2.96,37,20,78,0,93.72
418,19,3.77,11,11,91,0,91.53
419,28,3.06,20,10,17,1,61.23
420,27,2.88,19,6,97,0,69.97
421,19,2.81,24,3,62,1,70.48
422,27,3.14,26,18,21,1,98.91
423,18,3.61,17,0,10,1,59.04
424,25,3.08,27,2,57,1,89.96
425,18,3.32,32,12,56,1,66.71
426,26,3.48,18,14,76,0,86.54
427,28,3.04,34,1,3,1,71.0
428,23,2.85,17,10,85,1,78.92
429,24,3.75,36,3,6,1,91.63
430,30,2.84,23,18,60,1,90.21
431,27,2.92,37,16,53,1,93.32
432,24,3.98,35,2,87,0,52.98
433,27,2.0,34,17,67,0,84.6
434,20,2.37,27,7,91,1,57.0
435,19,2.77,31,18,78,0,70.79
436,26,3.87,29,4,0,0,77.43
437,25,2.14,39,6,54,1,70.14
438,30,2.02,29,20,2,0,75.98
439,29,2.11,30,7,77,1,99.83
440,27,2.18,21,4,37,0,56.76
441,24,2.08,28,16,0,0,83.77
442,26,2.96,23,4,37,0,69.8
443,21,3.16,26,3,84,1,56.65
444,30,2.54,33,18,28,0,57.94
445,21,2.8,30,20,4,0,97.46
446,18,2.18,12,1,73,1,93.98
447,25,2.67,35,10,91,1,95.35
448,29,3.05,39,12,20,0,99.58
449,20,3.46,32,14,70,1,60.42
450,24,2.01,16,11,66,0,67.77
451,29,2.93,26,20,46,0,83.46
452,19,2.59,21,10,83,1,74.19
453,19,3.71,18,6,82,1,70.92
454,24,3.43,24,4,34,1,67.89
455,23,3.18,27,16,67,0,79.69
456,20,2.55,30,19,68,1,78.78
457,26,3.82,22,8,0,0,58.07
458,27,2.09,39,13,67,1,73.59
459,30,2.22,30,11,11,0,77.67
460,23,2.78,39,5,59,1,78.51
461,27,2.25,17,16,26,0,60.51
462,27,3.91,23,18,55,1,87.11
463,23,3.6,17,18,22,0,51.26
464,18,2.52,23,15,24,1,67.74
465,21,3.18,16,11,20,1,89.01
466,27,3.96,32,11,60,0,78.19
467,23,3.77,21,19,62,1,63.06
468,23,3.2,20,5,51,0,84.75
469,28,3.81,31,3,87,0,78.37
470,29,3.98,31,5,24,1,89.81
471,22,3.49,20,10,54,0,86.75
472,18,2.13,34,0,45,1,80.51
473,25,2.8,31,14,31,1,74.41
474,22,3.68,37,10,54,0,56.66
475,29,2.46,38,18,95,1,63.07
476,29,3.66,22,17,4,0,70.95
477,29,2.24,27,16,35,0,79.96
478,22,2.09,11,18,48,1,75.69
479,24,2.77,38,20,57,1,64.41
480,21,2.07,30,13,38,0,50.32
481,23,3.91,24,17,79,0,74.81
482,30,3.65,29,18,96,1,64.28
483,21,3.6,36,14,84,1,86.73
484,20,3.26,27,14,60,1,51.2
485,24,2.43,40,3,8,1,79.24
486,25,3.04,24,6,5,0,97.07
487,21,3.19,28,12,34,1,58.72
488,30,3.05,32,2,38,0,73.58
489,19,2.52,33,15,21,0,54.57
490,29,3.03,21,8,40,1,81.28
491,27,2.98,22,7,4,0,77.53
492,20,3.99,31,19,41,1,70.37
493,18,3.79,20,12,86,0,76.07
494,25,2.93,14,16,80,1,94.83
495,20,3.25,38,16,75,0,59.81
496,29,3.5,10,16,86,0,51.13
497,27,2.07,33,0,79,1,93.08
498,24,3.79,12,7,66,1,78.86
499,27,3.72,40,18,29,0,94.53
500,22,2.91,31,5,56,0,79.85
501,27,2.78,28,2,85,1,90.51
502,22,2.55,32,4,72,0,71.48
503,24,2.95,38,12,28,1,87.49
504,26,2.09,39,14,36,0,95.65
505,29,3.7,16,13,86,1,78.61
506,22,2.07,21,15,12,0,59.04
507,18,2.66,24,17,31,1,63.44
508,27,3.86,34,10,45,1,59.93
509,27,3.47,14,2,22,0,62.34
510,18,2.56,24,9,44,1,65.32
511,19,2.51,17,9,16,0,77.76
512,23,2.01,19,20,84,1,79.4
513,26,3.39,35,15,65,1,71.32
514,25,2.1,25,11,100,1,80.77
515,30,3.07,17,1,5,0,54.08
516,22,3.92,10,8,17,1,54.39
517,18,2.22,21,2,93,0,58.59
518,30,3.79,14,14,21,1,75.9
519,24,3.98,12,2,32,0,60.7
520,22,2.12,10,18,29,0,64.16
521,23,3.77,13,17,80,0,70.02
522,30,3.03,17,7,31,1,90.59
523,24,3.81,12,16,41,0,50.69
524,20,3.14,19,7,77,1,82.47
525,29,3.32,11,6,9,0,83.44
526,27,3.09,20,6,35,0,89.93
527,20,3.73,34,2,33,0,96.64
528,22,3.47,19,0,72,0,51.01
529,23,3.04,30,3,27,1,57.69
530,26,3.74,23,4,10,0,94.31
531,30,2.49,16,0,77,0,72.93
532,29,2.31,36,14,38,1,78.23
533,22,2.32,36,4,46,0,83.15
534,18,2.67,11,12,18,0,83.95
535,21,2.48,18,7,14,0,96.59
536,22,3.86,25,7,27,0,99.85
537,29,2.21,22,4,23,1,86.01
538,27,3.4,18,8,71,1,64.36
539,27,2.38,29,0,8,0,93.99
540,22,3.76,13,3,46,1,52.46
541,24,3.92,31,2,32,1,61.55
542,21,2.93,19,1,61,0,94.87
543,18,3.76,35,7,96,1,62.81
544,22,2.01,35,8,18,0,61.03
545,24,3.64,31,1,66,1,56.91
546,27,2.46,21,13,73,1,92.96
547,27,3.82,26,13,39,1,75.0
548,23,2.0,23,3,46,0,83.74
549,22,3.11,23,5,64,1,61.95
550,21,3.51,34,10,28,0,87.9
551,19,2.52,11,2,49,0,88.0
552,21,2.39,30,7,97,1,65.63
553,27,2.17,34,2,12,0,70.53
554,27,2.65,29,13,0,1,60.48
555,20,3.12,20,12,33,0,98.83
556,27,2.23,25,12,92,0,82.28
557,18,2.75,28,1,47,1,96.73
558,25,2.02,40,12,76,1,65.17
559,22,3.64,32,18,47,1,89.09
560,30,2.26,15,5,48,1,88.29
561,21,2.57,33,15,63,0,84.58
562,25,2.04,28,1,60,0,98.28
563,24,2.86,14,7,28,0,69.68
564,19,3.68,35,16,38,1,56.54
565,18,2.78,13,1,87,0,83.59
566,29,2.36,24,9,25,1,86.47
567,28,3.51,38,15,16,0,78.75
568,21,3.58,13,5,70,1,60.34
569,25,2.35,29,1,12,0,75.22
570,29,3.54,19,1,68,0,65.61
571,19,3.89,33,12,25,1,71.37
572,20,2.33,31,14,48,0,82.26
573,29,3.54,12,1,66,1,87.26
574,18,3.42,35,6,6,0,61.61
575,18,2.95,14,2,57,0,70.27
576,30,2.12,15,7,48,1,63.46
577,20,2.15,30,13,52,1,59.93
578,28,3.7,31,6,64,0,89.17
579,22,3.98,17,20,61,0,95.46
580,29,3.35,16,6,16,0,68.51
581,20,2.89,30,0,42,0,87.56
582,18,3.3,19,16,24,0,94.85
583,18,3.19,15,8,2,0,92.31
584,25,2.77,23,20,78,1,59.14
585,27,2.13,13,12,28,1,97.81
586,28,3.64,37,20,31,1,68.83
587,29,2.74,34,18,25,0,66.96
588,30,3.64,22,20,15,0,53.12
589,30,2.51,29,18,24,0,74.31
590,29,2.0,26,16,53,1,55.45
591,19,2.32,32,9,27,1,62.43
592,30,2.94,16,9,72,0,65.85
593,20,3.89,13,3,55,0,90.44
594,19,2.2,38,7,64,1,93.77
595,20,3.71,23,19,92,1,65.12
596,24,3.05,12,19,85,1,92.93
597,18,3.65,33,17,79,0,92.86
598,27,2.6,14,13,40,0,88.23
599,25,3.68,25,17,50,0,57.33
600,30,3.55,35,13,70,1,84.52
601,27,2.46,32,19,77,1,97.25
602,27,2.26,29,20,28,0,84.13
603,27,3.74,13,14,82,0,66.58
604,19,3.93,33,3,18,1,75.03
605,20,2.06,39,12,65,0,82.29
606,26,3.46,33,7,40,1,75.53
607,24,3.82,11,17,44,1,56.0
608,21,3.71,39,11,14,0,65.6
609,27,3.93,27,13,2,1,90.12
610,22,3.52,28,1,10,0,93.07
611,19,2.88,40,17,52,1,56.87
612,30,2.62,37,1,45,1,97.62
613,28,2.64,37,10,29,0,66.44
614,30,3.45,28,8,56,1,83.12
615,25,3.49,26,11,17,0,87.59
616,21,2.4,40,16,50,0,90.6
617,26,3.74,23,14,47,1,97.29
618,22,3.43,28,16,65,0,65.65
619,30,3.13,31,17,95,0,92.93
620,26,2.94,33,5,7,0,56.58
621,21,3.09,22,16,21,0,85.25
622,27,2.32,21,17,5,0,87.1
623,22,2.41,39,7,75,0,83.89
624,26,2.18,35,8,56,1,62.62
625,25,2.31,15,5,35,0,93.65
626,20,2.91,30,4,78,1,58.44
627,18,3.06,40,11,91,1,52.68
628,20,2.04,13,10,56,0,85.87
629,21,3.59,28,0,48,1,73.77
630,19,2.59,25,10,44,1,92.45
631,18,3.82,22,18,81,0,69.17
632,24,3.94,13,8,65,0,58.41
633,25,2.37,39,1,76,0,91.82
634,24,2.92,32,11,44,1,77.45
635,22,2.0,26,3,78,1,59.46
636,29,3.2,32,3,19,0,86.02
637,18,3.21,10,17,63,0,75.56
638,24,2.5,27,14,92,1,80.22
639,30,3.12,40,18,92,1,73.04
640,24,2.45,29,12,66,1,91.44
641,26,2.32,26,18,82,1,91.48
642,20,3.3,36,16,2,0,85.47
643,26,2.65,37,5,53,1,55.27
644,18,3.18,36,15,77,1,91.94
645,18,2.87,24,11,63,1,83.55
646,21,3.97,20,18,39,1,84.85
647,26,2.3,34,4,58,0,68.15
648,23,2.93,37,16,54,0,93.96
649,30,3.36,31,0,61,1,86.27
650,28,2.79,22,9,3,1,55.63
651,20,3.95,10,14,59,0,70.39
652,18,3.44,26,20,74,0,94.32
653,21,3.31,15,20,94,1,52.36
654,29,3.51,13,10,95,1,98.07
655,30,3.91,29,12,90,0,83.96
656,26,3.82,25,4,29,0,81.57
657,20,3.45,24,0,1,0,63.53
658,29,3.5,36,11,61,0,62.44
659,26,2.29,24,10,48,0,97.1
660,24,2.21,15,16,8,0,64.91
661,29,3.14,24,3,91,1,88.78
662,21,2.04,23,14,30,0,69.66
663,20,2.96,37,8,97,0,56.96
664,27,2.42,20,20,60,0,50.54
665,22,2.69,16,19,78,0,77.21
666,22,3.55,18,18,47,1,98.79
667,20,3.88,35,18,24,1,68.46
668,29,2.14,25,11,35,0,67.86
669,26,3.07,14,4,7,1,67.2
670,21,3.77,34,9,72,1,76.03
671,28,2.17,29,16,57,1,72.03
672,22,3.65,38,4,100,1,94.0
673,21,2.72,19,15,44,1,75.28
674,22,2.64,27,6,61,1,75.39
675,24,3.95,12,8,38,0,56.92
676,26,2.4,22,2,95,0,99.14
677,24,3.39,20,14,57,0,62.5
678,30,3.64,26,15,80,0,53.67
679,22,2.08,39,17,98,0,83.16
680,27,3.34,39,13,100,1,79.77
681,27,3.9,31,2,82,0,70.76
682,24,2.25,22,11,63,0,71.11
683,27,3.79,15,8,43,1,89.25
684,22,3.19,26,6,28,1,59.79
685,20,3.23,36,8,58,0,91.01
686,24,3.23,22,12,70,1,82.44
687,30,2.6,28,17,91,1,70.95
688,28,3.87,30,4,8,1,72.9
689,28,3.89,28,12,91,1,62.83
690,19,3.25,19,3,5,0,87.61
691,29,3.57,12,1,28,1,75.64
692,26,3.22,23,15,57,0,66.04
693,27,2.97,35,8,16,0,79.8
694,27,3.32,28,8,15,1,99.79
695,29,3.11,14,5,86,1,71.76
696,18,3.19,38,10,94,1,96.03
697,30,3.57,14,0,2,0,67.25
698,23,2.96,29,3,20,1,52.74
699,24,2.08,26,12,63,1,60.21
700,30,2.33,30,12,89,1,70.93
701,25,2.88,19,12,35,1,60.98
702,27,3.45,14,1,100,1,50.01
703,26,3.19,13,8,85,0,95.75
704,19,3.3,15,7,61,1,92.19
705,28,2.96,35,6,41,1,87.11
706,27,3.23,13,3,75,1,58.39
707,19,2.66,39,17,41,0,56.02
708,22,2.94,16,2,60,1,53.38
709,30,3.49,16,5,12,0,86.2
710,22,3.74,27,11,10,0,96.44
711,23,2.87,12,11,53,1,71.53
712,20,2.09,10,20,15,1,55.96
713,25,2.32,33,7,7,1,75.62
714,30,2.04,34,0,58,0,67.44
715,18,3.31,13,3,56,0,68.74
716,23,2.66,15,20,39,0,81.07
717,21,3.08,18,10,58,0,85.94
718,18,2.99,31,2,1,0,55.53
719,24,2.16,23,12,93,0,51.78
720,26,2.81,37,16,93,1,99.72
721,30,2.44,21,9,75,1,61.64
722,21,2.84,37,20,9,0,52.69
723,21,2.41,34,11,43,1,59.49
724,23,3.68,40,14,10,1,51.95
725,29,2.35,29,20,78,0,69.59
726,20,3.92,33,9,79,0,90.12
727,30,2.83,34,13,80,1,67.06
728,29,3.69,13,12,89,0,72.21
729,23,3.26,30,4,1,0,83.78
730,24,3.47,39,5,49,1,75.44
731,28,3.54,33,1,11,0,93.07
732,27,3.01,21,16,89,1,93.3
733,27,3.09,19,3,22,1,50.5
734,20,3.03,39,13,17,1,88.9
735,24,3.18,31,9,61,1,73.04
736,20,2.06,37,2,95,1,99.44
737,30,2.79,16,2,61,0,74.16
738,30,3.21,12,14,37,0,99.34
739,19,3.2,32,5,66,0,87.73
740,29,3.59,37,16,37,0,62.43
741,27,3.31,23,11,66,1,76.92
742,21,3.98,33,19,93,1,99.61
743,29,2.57,19,10,60,0,92.88
744,25,2.72,25,3,0,1,54.87
745,30,2.77,25,5,93,0,85.32
746,26,2.93,31,0,44,0,67.28
747,24,3.67,40,19,95,0,50.35
748,18,2.47,19,15,27,1,70.17
749,20,3.55,34,14,20,1,61.74
750,30,2.81,22,16,12,1,90.94
751,29,3.2,15,7,26,1,66.87
752,26,3.27,21,11,99,0,91.38
753,29,2.75,18,20,6,1,50.03
754,18,3.03,22,9,21,1,65.39
755,26,2.83,13,14,73,1,62.06
756,25,2.14,33,8,52,0,61.68
757,18,2.87,20,1,78,0,53.41
758,23,2.19,29,4,78,1,59.36
759,22,2.81,27,5,3,1,77.78
760,23,3.19,35,6,95,1,64.57
761,27,3.16,20,20,22,1,70.87
762,29,3.33,34,0,69,0,68.84
763,30,2.19,30,6,87,1,93.8
764,30,3.3,13,19,83,1,95.26
765,30,2.62,27,11,100,1,74.65
766,22,2.8,10,15,83,0,66.51
767,23,3.72,36,15,75,0,55.34
768,22,2.02,16,10,32,1,97.67
769,28,3.18,15,20,27,1,53.01
770,29,3.2,40,3,7,1,64.88
771,22,2.79,24,12,0,1,64.9
772,21,2.47,27,6,36,1,66.02
773,20,2.47,33,3,62,0,58.21
774,20,3.77,20,14,21,0,89.16
775,21,2.88,29,18,69,0,56.12
776,26,2.66,33,8,20,1,81.75
777,19,2.9,24,10,95,0,56.19
778,26,3.34,25,7,34,0,53.53
779,18,2.29,16,0,78,0,95.47
780,18,2.9,30,7,4,1,59.51
781,22,3.18,19,12,59,1,91.06
782,23,3.9,35,3,45,0,77.23
783,23,2.51,21,7,49,1,53.89
784,20,2.72,33,2,47,0,97.77
785,24,2.76,23,8,5,0,62.35
786,26,3.21,34,1,88,0,92.98
787,28,2.71,14,1,55,0,58.44
788,29,3.07,35,12,58,1,92.7
789,27,3.56,30,14,28,1,50.66
790,25,3.41,27,11,70,1,75.59
791,23,2.89,14,3,76,1,88.47
792,29,3.73,12,7,17,0,96.74
793,25,3.12,32,8,1,1,95.46
794,29,3.08,35,4,7,0,90.98
795,22,2.07,14,19,74,1,94.41
796,25,3.97,33,17,96,1,59.96
797,27,2.25,26,10,53,1,64.21
798,29,2.46,28,14,37,0,64.45
799,21,2.1,28,8,47,0,68.85
800,27,3.28,34,16,26,0,69.67
801,25,2.45,30,11,19,0,77.23
802,27,2.36,21,6,11,1,57.99
803,29,2.18,34,9,42,0,84.56
804,19,2.21,38,9,60,0,58.38
805,29,3.17,18,12,30,1,65.52
806,29,3.38,10,18,90,1,75.17
807,22,2.79,27,10,95,0,89.82
808,26,2.96,30,12,60,1,86.97
809,21,3.37,13,20,73,0,82.28
810,28,2.03,40,7,66,1,57.79
811,23,2.65,19,7,90,0,77.35
812,18,3.95,34,3,34,0,54.37
813,26,3.16,16,14,94,0,68.87
814,18,2.51,31,10,14,0,70.68
815,22,3.04,32,10,15,0,51.99
816,21,2.69,10,0,12,1,63.7
817,30,3.06,26,16,34,0,97.78
818,29,2.25,33,14,74,0,97.68
819,30,2.27,38,19,58,0,67.62
820,30,2.29,38,5,20,0,52.16
821,20,3.88,11,14,53,0,58.95
822,30,3.47,37,8,74,1,69.61
823,23,2.32,35,13,29,1,97.39
824,19,2.38,20,17,47,0,57.06
825,20,3.46,18,16,34,1,88.18
826,22,2.31,16,17,85,0,55.43
827,26,2.47,31,4,37,1,99.06
828,19,3.93,26,19,30,1,69.08
829,27,2.51,26,19,77,0,88.76
830,25,3.32,11,8,23,1,67.13
831,19,3.96,15,10,48,1,81.38
832,28,2.75,23,0,95,0,59.6
833,30,2.04,15,17,99,0,57.3
834,22,2.49,11,5,31,1,96.9
835,24,3.66,10,1,54,1,95.88
836,25,3.73,19,14,78,1,94.37
837,18,3.54,30,20,57,0,81.27
838,23,2.23,14,13,98,1,90.41
839,18,3.59,11,4,2,1,53.45
840,19,3.84,31,5,79,1,66.74
841,18,3.2,25,5,68,0,65.69
842,28,3.88,34,17,84,0,81.78
843,22,3.65,11,13,9,0,67.8
844,27,3.33,19,9,82,0,57.43
845,26,3.15,11,13,24,1,79.82
846,23,2.7,25,12,67,0,90.72
847,28,2.32,25,2,60,1,69.11
848,28,3.21,28,5,28,1,56.61
849,18,2.64,38,7,18,1,59.83
850,30,3.73,16,11,42,1,61.87
851,18,3.99,31,12,65,0,64.99
852,19,3.5,21,10,73,0,82.14
853,26,2.18,33,11,60,0,80.05
854,20,2.58,24,0,42,0,84.8
855,18,2.22,17,16,24,0,68.13
856,22,3.3,15,15,19,1,91.2
857,24,3.53,37,10,47,0,60.2
858,23,3.85,36,12,82,0,73.45
859,29,2.88,19,17,86,0,90.05
860,18,3.8,12,10,23,0,59.01
861,22,3.76,28,11,10,1,55.49
862,22,2.63,40,5,97,1,94.18
863,23,3.74,26,8,54,1,67.15
864,20,2.75,16,15,27,1,84.19
865,22,2.59,30,3,68,1,51.27
866,24,3.3,29,2,62,0,84.5
867,22,2.66,35,15,58,1,65.81
868,22,3.26,40,11,4,1,52.79
869,22,3.22,13,10,50,1,80.49
870,27,3.13,23,4,20,0,62.04
871,27,2.76,29,17,11,0,69.34
872,20,3.1,31,18,49,1,54.03
873,18,3.19,24,5,3,0,57.36
874,22,3.09,33,17,41,0,64.9
875,26,2.89,17,5,83,1,54.49
876,18,2.03,30,3,37,0,95.54
877,20,3.17,24,11,24,0,50.3
878,30,2.34,31,18,13,0,74.19
879,30,3.29,29,1,74,1,56.16
880,21,3.52,37,16,31,1,65.38
881,18,3.0,23,10,10,1,96.3
882,18,3.08,36,10,60,0,58.08
883,25,3.9,38,20,17,1,98.29
884,19,3.69,18,15,26,0,60.29
885,29,3.83,17,1,54,0,87.08
886,25,3.63,35,1,53,0,77.33
887,24,2.22,37,7,81,1,94.22
888,27,2.3,35,12,86,1,77.7
889,27,3.05,26,9,74,1,76.73
890,19,2.49,40,7,20,1,59.77
891,23,2.95,11,3,43,0,58.31
892,23,2.79,34,14,4,1,95.82
893,20,3.1,33,0,86,0,66.39
894,28,3.49,39,10,40,1,68.6
895,19,3.43,12,6,58,1,87.99
896,29,3.04,17,16,88,1,66.94
897,18,3.64,21,19,53,0,97.6
898,23,2.86,10,17,73,0,86.9
899,29,3.79,19,11,21,0,79.87
900,22,2.14,29,8,82,0,94.04
901,28,3.91,12,4,64,0,52.48
902,26,3.31,15,9,63,1,62.85
903,18,2.76,16,3,70,0,73.25
904,24,2.39,29,4,3,0,61.35
905,22,2.96,32,9,64,0,87.2
906,22,2.39,34,10,14,0,95.96
907,19,2.33,36,20,75,1,71.19
908,28,3.23,27,9,21,0,67.11
909,20,3.05,20,7,85,1,98.08
910,24,3.34,28,1,46,1,72.24
911,23,3.86,14,7,80,1,74.45
912,29,3.06,28,15,92,0,67.58
913,19,3.16,20,4,45,1,95.48
914,23,2.18,33,2,13,0,78.45
915,19,3.44,21,11,49,0,88.11
916,19,2.8,19,12,19,0,90.59
917,19,3.95,17,12,49,0,67.09
918,28,3.65,33,9,32,0,71.68
919,20,3.04,37,3,58,1,92.42
920,19,2.25,37,8,42,1,68.16
921,21,3.72,18,1,78,0,89.7
922,26,3.6,13,18,11,1,97.05
923,23,2.37,14,0,39,0,81.16
924,18,2.59,30,6,19,1,87.08
925,25,3.59,17,16,93,1,90.25
926,29,2.37,32,2,37,1,92.25
927,24,3.84,18,19,2,1,69.75
928,27,2.85,24,19,27,1,52.56
929,20,2.17,24,20,55,0,70.09
930,18,3.63,25,2,89,0,83.69
931,22,2.75,23,2,93,1,72.52
932,30,3.05,17,16,12,0,87.45
933,21,2.22,27,6,76,1,67.85
934,27,2.01,19,13,65,0,81.74
935,25,3.28,37,16,36,1,59.32
936,18,3.03,29,17,48,1,87.47
937,27,3.19,15,12,65,1,77.28
938,18,3.59,21,19,35,0,60.2
939,29,3.29,11,19,53,0,64.6
940,21,2.35,16,20,25,1,87.43
941,25,2.72,25,17,74,1,74.13
942,22,3.81,12,3,71,0,60.8
943,19,3.54,22,0,39,0,98.36
944,23,3.11,12,17,42,0,85.76
945,22,2.51,36,0,21,0,97.86
946,19,2.6,27,12,19,0,71.36
947,30,3.46,20,19,7,1,73.76
948,28,3.7,17,19,28,0,94.9
949,28,3.34,15,9,39,1,76.25
950,28,3.62,10,10,89,1,85.36
951,20,3.53,37,8,29,0,62.61
952,26,2.3,10,8,80,0,72.34
953,24,2.85,32,4,83,1,56.17
954,24,2.31,17,0,54,0,60.3
955,28,2.47,14,16,15,1,50.05
956,23,3.74,37,1,45,0,51.96
957,25,2.95,25,12,61,0,98.86
958,21,3.07,20,8,6,0,62.12
959,25,2.36,14,3,79,1,83.17
960,21,2.62,13,4,44,0,91.95
961,25,2.46,39,10,58,1,77.53
962,26,2.41,15,18,55,0,57.66
963,20,3.28,23,20,47,1,86.41
964,20,2.51,31,2,26,0,80.01
965,28,3.26,28,11,52,1,86.56
966,30,2.12,18,18,86,1,88.49
967,19,2.28,21,18,87,1,98.77
968,30,2.55,20,12,72,1,78.68
969,27,3.19,23,6,34,1,67.08
970,20,3.35,32,14,50,1,82.42
971,20,2.89,25,6,83,0,53.42
972,22,2.89,10,7,36,1,94.87
973,22,3.45,40,4,80,1,55.97
974,19,2.03,22,20,94,1,66.39
975,29,2.68,32,13,56,0,90.79
976,27,3.64,30,3,7,0,79.87
977,30,3.21,30,9,78,0,69.68
978,23,2.67,39,19,94,1,73.67
979,22,3.81,22,14,93,0,92.73
980,23,3.55,11,17,19,0,67.0
981,18,2.53,13,19,52,1,93.48
982,22,3.29,37,12,11,1,54.41
983,26,3.19,15,7,48,0,88.84
984,29,2.8,35,8,16,1,92.38
985,27,2.73,40,15,63,1,59.09
986,19,2.69,36,18,41,1,71.52
987,18,3.23,32,15,93,1,58.27
988,27,2.88,36,6,28,0,85.33
989,30,3.66,14,13,18,1,76.77
990,28,3.34,34,13,10,0,81.77
991,26,2.14,12,3,97,0,59.82
992,27,3.28,10,14,49,0,60.59
993,26,2.54,13,2,70,0,52.07
994,26,3.19,34,4,57,1,66.1
995,23,3.36,29,0,33,1,77.99
996,25,2.46,11,2,19,1,92.9
997,28,2.91,35,14,49,0,83.35
998,30,2.38,39,7,87,0,71.77
999,18,2.1,39,3,9,0,97.66
1000,27,2.76,14,1,31,1,85.96
